Image Name,COCO Source Category,COCO Occluder Category,Label 1,Probability 1,Label 2,Probability 2,Label 3,Probability 3,Source Correct,Source Correct Probability,Occluder Correct,Occluder Correct Probability
COCO_val2014_000000205647_OCCLUDED_BY_COCO_val2014_000000487461.png,truck,bear,truck,0.9819230437,car,0.005429086741,sink,0.0001524976979,1,0.9819230437,1,0.9524840713
COCO_val2014_000000213338_OCCLUDED_BY_COCO_val2014_000000356478.png,clock,elephant,clock,0.9491240382,tennis racket,7.15e-05,tie,6.41e-05,1,0.9491240382,1,0.9341854453
COCO_val2014_000000540782_OCCLUDED_BY_COCO_val2014_000000581726.png,bench,elephant,bench,0.9260082841,chair,0.01484250743,elephant,0.9990185499,1,0.9260082841,1,0.9990185499
COCO_val2014_000000205647_OCCLUDED_BY_COCO_val2014_000000065628.png,truck,giraffe,truck,0.9190207124,car,0.004979121499,bus,0.0001045535464,1,0.9190207124,1,0.9587875605
COCO_val2014_000000242379_OCCLUDED_BY_COCO_val2014_000000205103.png,cake,cat,cake,0.9018976688,pizza,0.05367469043,knife,0.0002368428104,1,0.9018976688,1,0.9910550117
COCO_val2014_000000116786_OCCLUDED_BY_COCO_val2014_000000295076.png,toilet,airplane,toilet,0.9823854566,sink,0.0002021651453,chair,9.66e-05,1,0.9823854566,1,0.950915575
COCO_val2014_000000140010_OCCLUDED_BY_COCO_val2014_000000487461.png,cake,bear,cup,0.9078962207,bowl,0.002403808292,sports ball,0.0001110450612,1,0.9449892044,1,0.9247536659
COCO_val2014_000000116786_OCCLUDED_BY_COCO_val2014_000000249909.png,toilet,giraffe,toilet,0.9906534553,sink,0.0001503233943,bench,2.43e-05,1,0.9906534553,1,0.9987106323
COCO_val2014_000000205647_OCCLUDED_BY_COCO_val2014_000000370749.png,truck,elephant,truck,0.9506408572,car,0.0002996124676,bus,0.0002535735839,1,0.9506408572,1,0.9954537153
COCO_val2014_000000131531_OCCLUDED_BY_COCO_val2014_000000451648.png,clock,truck,clock,0.9972012043,tennis racket,1.77e-05,pizza,1.39e-05,1,0.9972012043,1,0.9787690639
COCO_val2014_000000204930_OCCLUDED_BY_COCO_val2014_000000164372.png,giraffe,truck,giraffe,0.9223951101,traffic light,0.0001615724177,tv,7.15e-05,1,0.9223951101,1,0.9558659792
COCO_val2014_000000242379_OCCLUDED_BY_COCO_val2014_000000471184.png,cake,giraffe,giraffe,0.9766749144,vase,0.0006912434474,cake,0.9000239968,1,0.9000239968,1,0.9766749144
COCO_val2014_000000205647_OCCLUDED_BY_COCO_val2014_000000453138.png,truck,bicycle,truck,0.9201675653,car,0.02085107379,motorcycle,0.0002107952168,1,0.9201675653,1,0.9955207109
COCO_val2014_000000204930_OCCLUDED_BY_COCO_val2014_000000131531.png,giraffe,clock,giraffe,0.9648751616,vase,0.0002594481339,clock,0.9381441474,1,0.9648751616,1,0.9381441474
COCO_val2014_000000131531_OCCLUDED_BY_COCO_val2014_000000203317.png,clock,bicycle,clock,0.9629985094,tv,2.09e-05,tie,1.07e-05,1,0.9629985094,1,0.9948309064
COCO_val2014_000000561208_OCCLUDED_BY_COCO_val2014_000000278601.png,giraffe,truck,giraffe,0.946347177,tie,0.0001229376358,truck,0.9938827753,1,0.946347177,1,0.9938827753
COCO_val2014_000000242379_OCCLUDED_BY_COCO_val2014_000000569415.png,cake,elephant,cake,0.9757880569,pizza,0.0001764253102,banana,0.0001359223825,1,0.9757880569,1,0.9169510007
COCO_val2014_000000082327_OCCLUDED_BY_COCO_val2014_000000246512.png,clock,dog,clock,0.9787470698,frisbee,3.81e-05,dog,0.9763666391,1,0.9787470698,1,0.9763666391
COCO_val2014_000000131531_OCCLUDED_BY_COCO_val2014_000000251936.png,clock,bear,clock,0.9644598961,tennis racket,3.5e-05,remote,1.97e-05,1,0.9644598961,1,0.9201791286
COCO_val2014_000000213338_OCCLUDED_BY_COCO_val2014_000000487461.png,clock,bear,clock,0.9469980597,vase,9.55e-05,bear,0.9664132595,1,0.9469980597,1,0.9664132595
COCO_val2014_000000205647_OCCLUDED_BY_COCO_val2014_000000246540.png,truck,cake,truck,0.9666383862,bus,0.0003579602344,car,9.02e-05,1,0.9666383862,1,0.9098774791
COCO_val2014_000000131531_OCCLUDED_BY_COCO_val2014_000000135670.png,clock,bicycle,clock,0.9929007292,tennis racket,1.69e-05,tie,1.45e-05,1,0.9929007292,1,0.9930739403
COCO_val2014_000000203317_OCCLUDED_BY_COCO_val2014_000000132389.png,bicycle,dog,dog,0.9953860641,skateboard,9.51e-05,bicycle,0.9885319471,1,0.9885319471,1,0.9953860641
COCO_val2014_000000205647_OCCLUDED_BY_COCO_val2014_000000104619.png,truck,giraffe,truck,0.9869070053,car,0.000521897513,bus,9.25e-05,1,0.9869070053,1,0.9902091026
COCO_val2014_000000189772_OCCLUDED_BY_COCO_val2014_000000099543.png,bicycle,dog,dog,0.9584795237,cat,0.003563134698,bicycle,0.9689148664,1,0.9689148664,1,0.9584795237
COCO_val2014_000000456732_OCCLUDED_BY_COCO_val2014_000000246512.png,toilet,dog,toilet,0.9306369424,sink,0.0004122716782,cup,0.0001306459162,1,0.9306369424,1,0.9666234851
COCO_val2014_000000205647_OCCLUDED_BY_COCO_val2014_000000420313.png,truck,cake,truck,0.9906953573,bus,0.001234514988,car,0.0002743224031,1,0.9906953573,1,0.9393901825
COCO_val2014_000000242379_OCCLUDED_BY_COCO_val2014_000000110759.png,cake,giraffe,giraffe,0.9850364923,book,0.003903479548,cake,0.9222917557,1,0.9222917557,1,0.9850364923
COCO_val2014_000000205647_OCCLUDED_BY_COCO_val2014_000000131159.png,truck,teddy bear,truck,0.9949985743,car,0.0004954346805,bus,7.12e-05,1,0.9949985743,1,0.9630010724
COCO_val2014_000000561208_OCCLUDED_BY_COCO_val2014_000000203317.png,giraffe,bicycle,giraffe,0.9113889337,tv,0.001780198305,book,0.001165846945,1,0.9113889337,1,0.9989084005
COCO_val2014_000000255134_OCCLUDED_BY_COCO_val2014_000000456865.png,dog,airplane,dog,0.9188751578,pizza,0.007336258423,sheep,0.00272009871,1,0.9188751578,1,0.9513413906
COCO_val2014_000000205647_OCCLUDED_BY_COCO_val2014_000000069698.png,truck,pizza,truck,0.921474874,bus,0.0006432062946,car,0.0005601922167,1,0.921474874,1,0.9630587697
COCO_val2014_000000558073_OCCLUDED_BY_COCO_val2014_000000164363.png,cat,clock,cat,0.9865846038,bird,0.00207995181,clock,0.9935557246,1,0.9865846038,1,0.9935557246
COCO_val2014_000000532571_OCCLUDED_BY_COCO_val2014_000000336302.png,pizza,cat,pizza,0.903549552,bowl,0.000946790271,sandwich,0.0007678580587,1,0.903549552,1,0.9980581403
COCO_val2014_000000213338_OCCLUDED_BY_COCO_val2014_000000205647.png,clock,truck,clock,0.941026628,tennis racket,0.0001106676791,truck,0.9034511447,1,0.941026628,1,0.9034511447
COCO_val2014_000000116786_OCCLUDED_BY_COCO_val2014_000000561208.png,toilet,giraffe,toilet,0.9052935243,bench,9.65e-05,giraffe,0.9619857669,1,0.9052935243,1,0.9619857669
COCO_val2014_000000205647_OCCLUDED_BY_COCO_val2014_000000255134.png,truck,dog,truck,0.9652903676,bus,0.0003597017785,car,0.0003084978089,1,0.9652903676,1,0.9212589264
COCO_val2014_000000499835_OCCLUDED_BY_COCO_val2014_000000279305.png,truck,cake,truck,0.9025059938,bus,0.0006402115105,cake,0.9417357445,1,0.9025059938,1,0.9417357445
COCO_val2014_000000116786_OCCLUDED_BY_COCO_val2014_000000203317.png,toilet,bicycle,toilet,0.9793897271,sink,0.00192049006,bowl,6.23e-05,1,0.9793897271,1,0.9968352914
COCO_val2014_000000079878_OCCLUDED_BY_COCO_val2014_000000426247.png,toilet,dog,toilet,0.9645303488,sink,0.0004297312407,dog,0.919585228,1,0.9645303488,1,0.919585228
COCO_val2014_000000131531_OCCLUDED_BY_COCO_val2014_000000205647.png,clock,truck,clock,0.9792739153,tennis racket,1.55e-05,tie,7.65e-06,1,0.9792739153,1,0.9202815294
COCO_val2014_000000327777_OCCLUDED_BY_COCO_val2014_000000029346.png,pizza,cake,pizza,0.9647933245,clock,0.01084815059,cake,0.9687082767,1,0.9647933245,1,0.9687082767
COCO_val2014_000000204930_OCCLUDED_BY_COCO_val2014_000000508672.png,giraffe,bicycle,giraffe,0.9657293558,bird,0.0004055876343,bicycle,0.9699351192,1,0.9657293558,1,0.9699351192
COCO_val2014_000000205647_OCCLUDED_BY_COCO_val2014_000000532571.png,truck,pizza,truck,0.9755762219,bus,0.0004770729574,car,0.0001263060112,1,0.9755762219,1,0.9558611512
COCO_val2014_000000205647_OCCLUDED_BY_COCO_val2014_000000508672.png,truck,bicycle,truck,0.9780756831,car,0.0006155878073,sink,0.0003141192719,1,0.9780756831,1,0.9737869501
COCO_val2014_000000389128_OCCLUDED_BY_COCO_val2014_000000508672.png,toilet,bicycle,toilet,0.9726805091,sports ball,0.0001245078893,fire hydrant,0.0001069996433,1,0.9726805091,1,0.9112484455
COCO_val2014_000000205647_OCCLUDED_BY_COCO_val2014_000000221666.png,truck,bench,truck,0.9948132038,car,0.001088730642,stop sign,4.12e-05,1,0.9948132038,1,0.9791119099
COCO_val2014_000000532285_OCCLUDED_BY_COCO_val2014_000000139436.png,bicycle,elephant,elephant,0.9933282137,cake,0.0002333029261,bicycle,0.9907592535,1,0.9907592535,1,0.9933282137
COCO_val2014_000000131531_OCCLUDED_BY_COCO_val2014_000000323709.png,clock,airplane,clock,0.9570620656,tennis racket,4.57e-05,airplane,0.9843256474,1,0.9570620656,1,0.9843256474
COCO_val2014_000000315864_OCCLUDED_BY_COCO_val2014_000000336302.png,cake,cat,cake,0.9349151254,donut,0.0007444496732,pizza,0.0001767344656,1,0.9349151254,1,0.9694178104
COCO_val2014_000000508672_OCCLUDED_BY_COCO_val2014_000000315864.png,bicycle,cake,cake,0.9905250669,train,0.0008485411527,bicycle,0.9527219534,1,0.9527219534,1,0.9905250669
COCO_val2014_000000116786_OCCLUDED_BY_COCO_val2014_000000110759.png,toilet,giraffe,giraffe,0.9611196518,book,0.00138234545,toilet,0.9280782342,1,0.9280782342,1,0.9611196518
COCO_val2014_000000558073_OCCLUDED_BY_COCO_val2014_000000389128.png,cat,toilet,cat,0.9949427247,bird,0.0008934395155,toilet,0.9464272857,1,0.9949427247,1,0.9464272857
COCO_val2014_000000045057_OCCLUDED_BY_COCO_val2014_000000203317.png,pizza,bicycle,pizza,0.9694902301,cake,0.002380684717,bicycle,0.9956579208,1,0.9694902301,1,0.9956579208
COCO_val2014_000000508672_OCCLUDED_BY_COCO_val2014_000000099543.png,bicycle,dog,dog,0.939648211,fire hydrant,0.003006441053,bicycle,0.9258376956,1,0.9258376956,1,0.939648211
COCO_val2014_000000189772_OCCLUDED_BY_COCO_val2014_000000255134.png,bicycle,dog,dog,0.9593539238,person,0.0002317743929,bicycle,0.908397615,1,0.908397615,1,0.9593539238
COCO_val2014_000000508672_OCCLUDED_BY_COCO_val2014_000000041257.png,bicycle,cat,cat,0.9273994565,dog,0.001808341942,bicycle,0.9403444529,1,0.9403444529,1,0.9273994565
COCO_val2014_000000246540_OCCLUDED_BY_COCO_val2014_000000272416.png,cake,toilet,cake,0.988114953,knife,0.0001150809476,toilet,0.9899311066,1,0.988114953,1,0.9899311066
COCO_val2014_000000131531_OCCLUDED_BY_COCO_val2014_000000336302.png,clock,cat,clock,0.9200566411,tennis racket,0.0001895885653,remote,3.44e-05,1,0.9200566411,1,0.9856181741
COCO_val2014_000000436315_OCCLUDED_BY_COCO_val2014_000000131159.png,pizza,teddy bear,pizza,0.9902204275,donut,0.0005622330937,cake,0.0002111805225,1,0.9902204275,1,0.9430888891
COCO_val2014_000000131531_OCCLUDED_BY_COCO_val2014_000000132389.png,clock,dog,clock,0.9954335093,tennis racket,6.6e-05,sports ball,1.88e-05,1,0.9954335093,1,0.9967440367
COCO_val2014_000000082327_OCCLUDED_BY_COCO_val2014_000000104619.png,clock,giraffe,clock,0.9960775971,tie,2.68e-05,giraffe,0.9517896771,1,0.9960775971,1,0.9517896771
COCO_val2014_000000242287_OCCLUDED_BY_COCO_val2014_000000249909.png,bicycle,giraffe,giraffe,0.9982269406,person,2.88e-05,bicycle,0.9369928241,1,0.9369928241,1,0.9982269406
COCO_val2014_000000132389_OCCLUDED_BY_COCO_val2014_000000189772.png,dog,bicycle,bicycle,0.9578937292,motorcycle,0.0002579305146,dog,0.9768911004,1,0.9768911004,1,0.9578937292
COCO_val2014_000000205647_OCCLUDED_BY_COCO_val2014_000000090367.png,truck,dog,truck,0.910138309,bus,0.0007821157924,car,0.0002529430203,1,0.910138309,1,0.9973141551
COCO_val2014_000000045057_OCCLUDED_BY_COCO_val2014_000000029346.png,pizza,cake,pizza,0.990643084,knife,0.0004530611332,clock,0.0001934475149,1,0.990643084,1,0.9789246321
COCO_val2014_000000377406_OCCLUDED_BY_COCO_val2014_000000139436.png,bench,elephant,bench,0.9864110351,chair,0.0002157200506,elephant,0.9937288761,1,0.9864110351,1,0.9937288761
COCO_val2014_000000204930_OCCLUDED_BY_COCO_val2014_000000451501.png,giraffe,truck,giraffe,0.9625258446,book,0.0003979757894,truck,0.9747421145,1,0.9625258446,1,0.9747421145
COCO_val2014_000000205647_OCCLUDED_BY_COCO_val2014_000000436315.png,truck,pizza,truck,0.9577784538,car,0.0003110897087,bus,0.0003043125325,1,0.9577784538,1,0.9979038239
COCO_val2014_000000164372_OCCLUDED_BY_COCO_val2014_000000471184.png,truck,giraffe,truck,0.9797567725,car,0.001048729988,giraffe,0.9888948202,1,0.9797567725,1,0.9888948202
COCO_val2014_000000499835_OCCLUDED_BY_COCO_val2014_000000487461.png,truck,bear,truck,0.9584592581,car,0.0005163071328,bear,0.9314287901,1,0.9584592581,1,0.9314287901
COCO_val2014_000000508672_OCCLUDED_BY_COCO_val2014_000000540782.png,bicycle,bench,bench,0.9871166348,chair,7.27e-05,bicycle,0.9577887654,1,0.9577887654,1,0.9871166348
COCO_val2014_000000116786_OCCLUDED_BY_COCO_val2014_000000242287.png,toilet,bicycle,bicycle,0.9710085392,motorcycle,0.0003355083172,toilet,0.906647265,1,0.906647265,1,0.9710085392
COCO_val2014_000000278601_OCCLUDED_BY_COCO_val2014_000000168129.png,truck,elephant,truck,0.951790154,car,0.0008655145648,elephant,0.9193990827,1,0.951790154,1,0.9193990827
COCO_val2014_000000116786_OCCLUDED_BY_COCO_val2014_000000336302.png,toilet,cat,toilet,0.9591825604,bowl,0.001835864619,sink,0.0002864851558,1,0.9591825604,1,0.9626789093
COCO_val2014_000000451648_OCCLUDED_BY_COCO_val2014_000000320020.png,truck,dog,truck,0.9017626047,car,0.009657801129,dog,0.9773954749,1,0.9017626047,1,0.9773954749
COCO_val2014_000000131531_OCCLUDED_BY_COCO_val2014_000000320020.png,clock,dog,clock,0.9962947965,tennis racket,3.02e-05,pizza,2.21e-05,1,0.9962947965,1,0.9144557714
COCO_val2014_000000483348_OCCLUDED_BY_COCO_val2014_000000295076.png,toilet,airplane,airplane,0.9274660945,sink,0.02820043825,toilet,0.9368539453,1,0.9368539453,1,0.9274660945
COCO_val2014_000000205647_OCCLUDED_BY_COCO_val2014_000000356478.png,truck,elephant,truck,0.9690432549,car,0.0001296261762,bus,6.08e-05,1,0.9690432549,1,0.9898287654
COCO_val2014_000000082327_OCCLUDED_BY_COCO_val2014_000000336302.png,clock,cat,clock,0.9349366426,frisbee,6.66e-05,cat,0.998416543,1,0.9349366426,1,0.998416543
COCO_val2014_000000205647_OCCLUDED_BY_COCO_val2014_000000082327.png,truck,clock,truck,0.9392068982,bus,0.004534676671,car,0.0003537316225,1,0.9392068982,1,0.9202948213
COCO_val2014_000000131531_OCCLUDED_BY_COCO_val2014_000000581726.png,clock,elephant,clock,0.9866814613,tennis racket,0.000515187101,frisbee,0.0003127293021,1,0.9866814613,1,0.9962479472
COCO_val2014_000000205647_OCCLUDED_BY_COCO_val2014_000000561208.png,truck,giraffe,truck,0.9895699024,car,0.0008275726577,sink,0.0002724798396,1,0.9895699024,1,0.9966127276
COCO_val2014_000000278601_OCCLUDED_BY_COCO_val2014_000000555023.png,truck,giraffe,giraffe,0.9520682096,zebra,0.007817731239,truck,0.9000884891,1,0.9000884891,1,0.9520682096
COCO_val2014_000000450849_OCCLUDED_BY_COCO_val2014_000000532285.png,clock,bicycle,clock,0.9973606467,tennis racket,3.36e-05,tv,1.73e-05,1,0.9973606467,1,0.988348484
COCO_val2014_000000205647_OCCLUDED_BY_COCO_val2014_000000471184.png,truck,giraffe,truck,0.9505602717,car,0.000275458995,bus,6.66e-05,1,0.9505602717,1,0.9949023724
COCO_val2014_000000377406_OCCLUDED_BY_COCO_val2014_000000203317.png,bench,bicycle,bench,0.9110271931,chair,0.00212204596,bicycle,0.991546452,1,0.9110271931,1,0.991546452
COCO_val2014_000000205647_OCCLUDED_BY_COCO_val2014_000000262347.png,truck,bench,truck,0.9566941261,car,0.005125966389,bus,0.0002361427032,1,0.9566941261,1,0.9244859219
COCO_val2014_000000041257_OCCLUDED_BY_COCO_val2014_000000189772.png,cat,bicycle,bicycle,0.9924576283,motorcycle,0.0004128558794,cat,0.9635601044,1,0.9635601044,1,0.9924576283
COCO_val2014_000000205647_OCCLUDED_BY_COCO_val2014_000000569415.png,truck,elephant,truck,0.9766023755,car,0.0002711534617,bus,0.0001347866637,1,0.9766023755,1,0.9900363684
COCO_val2014_000000205647_OCCLUDED_BY_COCO_val2014_000000242287.png,truck,bicycle,bicycle,0.9942021966,horse,0.0002200256567,bus,9.87e-05,1,0.9298059344,1,0.9942021966
COCO_val2014_000000082327_OCCLUDED_BY_COCO_val2014_000000581726.png,clock,elephant,clock,0.9469816685,umbrella,6.58e-05,elephant,0.9499384165,1,0.9469816685,1,0.9499384165
COCO_val2014_000000377406_OCCLUDED_BY_COCO_val2014_000000249909.png,bench,giraffe,bench,0.9750702381,dining table,0.0002754092275,giraffe,0.9989742041,1,0.9750702381,1,0.9989742041
COCO_val2014_000000131531_OCCLUDED_BY_COCO_val2014_000000427041.png,clock,truck,clock,0.9956243634,tie,3.77e-05,traffic light,2.99e-05,1,0.9956243634,1,0.9460084438
COCO_val2014_000000436315_OCCLUDED_BY_COCO_val2014_000000132389.png,pizza,dog,pizza,0.9896703362,clock,0.000522894843,donut,0.0003276114003,1,0.9896703362,1,0.9027197361
COCO_val2014_000000131531_OCCLUDED_BY_COCO_val2014_000000255134.png,clock,dog,clock,0.9865407348,tennis racket,7.76e-05,frisbee,3.66e-05,1,0.9865407348,1,0.9502003193
COCO_val2014_000000540782_OCCLUDED_BY_COCO_val2014_000000132389.png,bench,dog,bench,0.9503141046,skateboard,5.72e-05,dog,0.9982621074,1,0.9503141046,1,0.9982621074
COCO_val2014_000000389128_OCCLUDED_BY_COCO_val2014_000000255134.png,toilet,dog,toilet,0.948834002,sink,0.0001380520116,dog,0.9871941209,1,0.948834002,1,0.9871941209
COCO_val2014_000000246540_OCCLUDED_BY_COCO_val2014_000000487461.png,cake,bear,cake,0.9918968081,bowl,4.12e-05,bear,0.9431145787,1,0.9918968081,1,0.9431145787
COCO_val2014_000000002061_OCCLUDED_BY_COCO_val2014_000000487461.png,toilet,bear,toilet,0.9608412385,sink,0.002965185791,bowl,0.0004175184586,1,0.9608412385,1,0.9760429263
COCO_val2014_000000295270_OCCLUDED_BY_COCO_val2014_000000203317.png,bench,bicycle,bicycle,0.9970532656,,0.0,,0.0,0,0.0,1,0.9970532656
COCO_val2014_000000237735_OCCLUDED_BY_COCO_val2014_000000434576.png,airplane,cat,cat,0.9520726204,,0.0,,0.0,0,0.0,1,0.9520726204
COCO_val2014_000000240918_OCCLUDED_BY_COCO_val2014_000000532571.png,bicycle,pizza,pizza,0.9175724387,,0.0,,0.0,0,0.0,1,0.9175724387
COCO_val2014_000000099543_OCCLUDED_BY_COCO_val2014_000000453138.png,dog,bicycle,bicycle,0.9865458012,,0.0,,0.0,0,0.0,1,0.9865458012
COCO_val2014_000000110630_OCCLUDED_BY_COCO_val2014_000000451648.png,pizza,truck,truck,0.9284726381,,0.0,,0.0,0,0.0,1,0.9284726381
COCO_val2014_000000090367_OCCLUDED_BY_COCO_val2014_000000188447.png,dog,pizza,pizza,0.9647935629,,0.0,,0.0,0,0.0,1,0.9647935629
COCO_val2014_000000336302_OCCLUDED_BY_COCO_val2014_000000205647.png,cat,truck,truck,0.9595854878,,0.0,,0.0,0,0.0,1,0.9595854878
COCO_val2014_000000487461_OCCLUDED_BY_COCO_val2014_000000552977.png,bear,toilet,toilet,0.9832698107,,0.0,,0.0,0,0.0,1,0.9832698107
COCO_val2014_000000295076_OCCLUDED_BY_COCO_val2014_000000082327.png,airplane,clock,clock,0.9895814657,,0.0,,0.0,0,0.0,1,0.9895814657
COCO_val2014_000000320020_OCCLUDED_BY_COCO_val2014_000000203317.png,dog,bicycle,bicycle,0.9972633123,,0.0,,0.0,0,0.0,1,0.9972633123
COCO_val2014_000000246512_OCCLUDED_BY_COCO_val2014_000000140010.png,dog,cake,cake,0.9472664595,,0.0,,0.0,0,0.0,1,0.9472664595
COCO_val2014_000000459136_OCCLUDED_BY_COCO_val2014_000000205647.png,bench,truck,truck,0.9754869342,,0.0,,0.0,0,0.0,1,0.9754869342
COCO_val2014_000000325664_OCCLUDED_BY_COCO_val2014_000000164363.png,bear,clock,clock,0.9785470366,,0.0,,0.0,0,0.0,1,0.9785470366
COCO_val2014_000000399400_OCCLUDED_BY_COCO_val2014_000000203317.png,airplane,bicycle,bicycle,0.9987077713,,0.0,,0.0,0,0.0,1,0.9987077713
COCO_val2014_000000255134_OCCLUDED_BY_COCO_val2014_000000164363.png,dog,clock,clock,0.9275252819,,0.0,,0.0,0,0.0,1,0.9275252819
COCO_val2014_000000454693_OCCLUDED_BY_COCO_val2014_000000336302.png,giraffe,cat,cat,0.9966412783,,0.0,,0.0,0,0.0,1,0.9966412783
COCO_val2014_000000426247_OCCLUDED_BY_COCO_val2014_000000508672.png,dog,bicycle,bicycle,0.9647241235,,0.0,,0.0,0,0.0,1,0.9647241235
COCO_val2014_000000020536_OCCLUDED_BY_COCO_val2014_000000434576.png,toilet,cat,cat,0.9245650172,,0.0,,0.0,0,0.0,1,0.9245650172
COCO_val2014_000000262347_OCCLUDED_BY_COCO_val2014_000000240918.png,bench,bicycle,potted plant,0.937703073,traffic light,0.0002439366363,person,0.0001948907884,0,0.0,1,0.9511762857
COCO_val2014_000000581655_OCCLUDED_BY_COCO_val2014_000000065628.png,pizza,giraffe,giraffe,0.9690690041,bird,0.0009825784946,giraffe,0.9817712307,0,0.0,1,0.9690690041
COCO_val2014_000000099543_OCCLUDED_BY_COCO_val2014_000000110759.png,dog,giraffe,giraffe,0.9914835095,,0.0,,0.0,0,0.0,1,0.9914835095
COCO_val2014_000000334140_OCCLUDED_BY_COCO_val2014_000000426247.png,bicycle,dog,bottle,0.9515954852,skateboard,0.0002593843674,dog,0.9686491489,0,0.0,1,0.9686491489
COCO_val2014_000000451501_OCCLUDED_BY_COCO_val2014_000000104619.png,truck,giraffe,giraffe,0.9929407835,,0.0,,0.0,0,0.0,1,0.9929407835
COCO_val2014_000000417957_OCCLUDED_BY_COCO_val2014_000000558073.png,bench,cat,bowl,0.9427031279,cup,0.001895138761,cat,0.9987712502,0,0.0,1,0.9987712502
COCO_val2014_000000246512_OCCLUDED_BY_COCO_val2014_000000237597.png,dog,elephant,elephant,0.9764758348,,0.0,,0.0,0,0.0,1,0.9764758348
COCO_val2014_000000237597_OCCLUDED_BY_COCO_val2014_000000272416.png,elephant,toilet,toilet,0.9891902208,,0.0,,0.0,0,0.0,1,0.9891902208
COCO_val2014_000000427041_OCCLUDED_BY_COCO_val2014_000000356478.png,truck,elephant,broccoli,0.9778251052,bowl,0.002067893045,carrot,0.0003766582813,0,0.0,1,0.9963914752
COCO_val2014_000000569415_OCCLUDED_BY_COCO_val2014_000000420313.png,elephant,cake,cake,0.9407765269,,0.0,,0.0,0,0.0,1,0.9407765269
COCO_val2014_000000045057_OCCLUDED_BY_COCO_val2014_000000450849.png,pizza,clock,clock,0.9843353033,,0.0,,0.0,0,0.0,1,0.9843353033
COCO_val2014_000000197528_OCCLUDED_BY_COCO_val2014_000000451648.png,cat,truck,truck,0.9178379178,,0.0,,0.0,0,0.0,1,0.9178379178
COCO_val2014_000000000042_OCCLUDED_BY_COCO_val2014_000000558073.png,dog,cat,cat,0.9886342287,,0.0,,0.0,0,0.0,1,0.9886342287
COCO_val2014_000000002061_OCCLUDED_BY_COCO_val2014_000000255134.png,toilet,dog,bowl,0.9497351646,toilet,0.004611066543,frisbee,0.0005508998292,1,0.004611066543,1,0.9739559889
COCO_val2014_000000524392_OCCLUDED_BY_COCO_val2014_000000132389.png,refrigerator,dog,dog,0.9925634265,,0.0,,0.0,0,0.0,1,0.9925634265
COCO_val2014_000000098633_OCCLUDED_BY_COCO_val2014_000000436315.png,cake,pizza,pizza,0.9986929297,,0.0,,0.0,0,0.0,1,0.9986929297
COCO_val2014_000000238377_OCCLUDED_BY_COCO_val2014_000000483348.png,dog,toilet,toilet,0.9458466768,,0.0,,0.0,0,0.0,1,0.9458466768
COCO_val2014_000000075786_OCCLUDED_BY_COCO_val2014_000000370749.png,bear,elephant,elephant,0.9952465892,,0.0,,0.0,0,0.0,1,0.9952465892
COCO_val2014_000000079878_OCCLUDED_BY_COCO_val2014_000000131531.png,toilet,clock,clock,0.9415345788,,0.0,,0.0,0,0.0,1,0.9415345788
COCO_val2014_000000045057_OCCLUDED_BY_COCO_val2014_000000532285.png,pizza,bicycle,bowl,0.9240630865,spoon,0.001768755959,bicycle,0.9459801912,0,0.0,1,0.9459801912
COCO_val2014_000000043128_OCCLUDED_BY_COCO_val2014_000000131159.png,elephant,teddy bear,teddy bear,0.9475150108,,0.0,,0.0,0,0.0,1,0.9475150108
COCO_val2014_000000000042_OCCLUDED_BY_COCO_val2014_000000393995.png,dog,cat,cat,0.9011115432,,0.0,,0.0,0,0.0,1,0.9011115432
COCO_val2014_000000020536_OCCLUDED_BY_COCO_val2014_000000508672.png,toilet,bicycle,bicycle,0.9863313437,,0.0,,0.0,0,0.0,1,0.9863313437
COCO_val2014_000000524392_OCCLUDED_BY_COCO_val2014_000000471184.png,refrigerator,giraffe,giraffe,0.9743529558,,0.0,,0.0,0,0.0,1,0.9743529558
COCO_val2014_000000246512_OCCLUDED_BY_COCO_val2014_000000242379.png,dog,cake,cake,0.9663151503,knife,0.0001086797056,elephant,0.0001067129197,0,0.0,1,0.9663151503
COCO_val2014_000000558073_OCCLUDED_BY_COCO_val2014_000000370749.png,cat,elephant,elephant,0.983281076,,0.0,,0.0,0,0.0,1,0.983281076
COCO_val2014_000000417957_OCCLUDED_BY_COCO_val2014_000000370749.png,bench,elephant,elephant,0.9356663227,,0.0,,0.0,0,0.0,1,0.9356663227
COCO_val2014_000000240918_OCCLUDED_BY_COCO_val2014_000000205103.png,bicycle,cat,cat,0.9315034747,,0.0,,0.0,0,0.0,1,0.9315034747
COCO_val2014_000000453138_OCCLUDED_BY_COCO_val2014_000000279305.png,bicycle,cake,cake,0.9784209132,,0.0,,0.0,0,0.0,1,0.9784209132
COCO_val2014_000000025430_OCCLUDED_BY_COCO_val2014_000000315864.png,bench,cake,cake,0.9414292574,,0.0,,0.0,0,0.0,1,0.9414292574
COCO_val2014_000000323709_OCCLUDED_BY_COCO_val2014_000000389128.png,airplane,toilet,toilet,0.9167236686,,0.0,,0.0,0,0.0,1,0.9167236686
COCO_val2014_000000246512_OCCLUDED_BY_COCO_val2014_000000532571.png,dog,pizza,pizza,0.9983763695,,0.0,,0.0,0,0.0,1,0.9983763695
COCO_val2014_000000532773_OCCLUDED_BY_COCO_val2014_000000561208.png,truck,giraffe,giraffe,0.9909145832,,0.0,,0.0,0,0.0,1,0.9909145832
COCO_val2014_000000238377_OCCLUDED_BY_COCO_val2014_000000532285.png,dog,bicycle,bicycle,0.996260941,clock,0.0002581931476,bird,0.9755656719,0,0.0,1,0.996260941
COCO_val2014_000000135670_OCCLUDED_BY_COCO_val2014_000000140010.png,bicycle,cake,cake,0.9182013869,,0.0,,0.0,0,0.0,1,0.9182013869
COCO_val2014_000000246512_OCCLUDED_BY_COCO_val2014_000000204930.png,dog,giraffe,giraffe,0.9203742146,,0.0,,0.0,0,0.0,1,0.9203742146
COCO_val2014_000000032952_OCCLUDED_BY_COCO_val2014_000000255134.png,elephant,dog,dog,0.995331943,,0.0,,0.0,0,0.0,1,0.995331943
COCO_val2014_000000540789_OCCLUDED_BY_COCO_val2014_000000389128.png,clock,toilet,toilet,0.9780337214,,0.0,,0.0,0,0.0,1,0.9780337214
COCO_val2014_000000508672_OCCLUDED_BY_COCO_val2014_000000471184.png,bicycle,giraffe,giraffe,0.9020924568,,0.0,,0.0,0,0.0,1,0.9020924568
COCO_val2014_000000188447_OCCLUDED_BY_COCO_val2014_000000203317.png,pizza,bicycle,bowl,0.9214326143,pizza,0.007183498237,broccoli,0.004617224447,1,0.007183498237,1,0.9965808988
COCO_val2014_000000420313_OCCLUDED_BY_COCO_val2014_000000376996.png,cake,airplane,airplane,0.9677951932,,0.0,,0.0,0,0.0,1,0.9677951932
COCO_val2014_000000460927_OCCLUDED_BY_COCO_val2014_000000242287.png,bear,bicycle,bicycle,0.9974830747,,0.0,,0.0,0,0.0,1,0.9974830747
COCO_val2014_000000139436_OCCLUDED_BY_COCO_val2014_000000274653.png,elephant,cake,cake,0.9970099926,,0.0,,0.0,0,0.0,1,0.9970099926
COCO_val2014_000000180411_OCCLUDED_BY_COCO_val2014_000000065628.png,airplane,giraffe,giraffe,0.9722308517,,0.0,,0.0,0,0.0,1,0.9722308517
COCO_val2014_000000524392_OCCLUDED_BY_COCO_val2014_000000483348.png,refrigerator,toilet,toilet,0.9011905789,,0.0,,0.0,0,0.0,1,0.9011905789
COCO_val2014_000000094355_OCCLUDED_BY_COCO_val2014_000000156466.png,bear,bench,bench,0.9345921874,,0.0,,0.0,0,0.0,1,0.9345921874
COCO_val2014_000000094355_OCCLUDED_BY_COCO_val2014_000000315864.png,bear,cake,cake,0.9966632724,,0.0,,0.0,0,0.0,1,0.9966632724
COCO_val2014_000000370749_OCCLUDED_BY_COCO_val2014_000000427041.png,elephant,truck,truck,0.9769877195,,0.0,,0.0,0,0.0,1,0.9769877195
COCO_val2014_000000558073_OCCLUDED_BY_COCO_val2014_000000487461.png,cat,bear,cake,0.9868960977,fire hydrant,0.0007323969039,bear,0.9915316701,0,0.0,1,0.9915316701
COCO_val2014_000000399400_OCCLUDED_BY_COCO_val2014_000000581726.png,airplane,elephant,elephant,0.9990420938,,0.0,,0.0,0,0.0,1,0.9990420938
COCO_val2014_000000074013_OCCLUDED_BY_COCO_val2014_000000540782.png,cat,bench,bench,0.9704233408,,0.0,,0.0,0,0.0,1,0.9704233408
COCO_val2014_000000581655_OCCLUDED_BY_COCO_val2014_000000255134.png,pizza,dog,dog,0.9852545261,,0.0,,0.0,0,0.0,1,0.9852545261
COCO_val2014_000000221666_OCCLUDED_BY_COCO_val2014_000000561208.png,bench,giraffe,giraffe,0.9901350141,,0.0,,0.0,0,0.0,1,0.9901350141
COCO_val2014_000000034830_OCCLUDED_BY_COCO_val2014_000000453138.png,toilet,bicycle,stop sign,0.9685714245,frisbee,0.003369011451,fire hydrant,0.0006887509953,0,0.0,1,0.9648005366
COCO_val2014_000000156466_OCCLUDED_BY_COCO_val2014_000000508672.png,bench,bicycle,sports ball,0.9547678232,apple,0.007085129619,frisbee,0.0009901004378,0,0.0,1,0.9525487423
COCO_val2014_000000205103_OCCLUDED_BY_COCO_val2014_000000279305.png,cat,cake,cake,0.9921891689,,0.0,,0.0,0,0.0,1,0.9921891689
COCO_val2014_000000370749_OCCLUDED_BY_COCO_val2014_000000180411.png,elephant,airplane,airplane,0.9334753156,,0.0,,0.0,0,0.0,1,0.9334753156
COCO_val2014_000000131159_OCCLUDED_BY_COCO_val2014_000000213338.png,teddy bear,clock,clock,0.9095891714,,0.0,,0.0,0,0.0,1,0.9095891714
COCO_val2014_000000460927_OCCLUDED_BY_COCO_val2014_000000450849.png,bear,clock,clock,0.9981214404,,0.0,,0.0,0,0.0,1,0.9981214404
COCO_val2014_000000049667_OCCLUDED_BY_COCO_val2014_000000249909.png,clock,giraffe,giraffe,0.9918209314,,0.0,,0.0,0,0.0,1,0.9918209314
COCO_val2014_000000135670_OCCLUDED_BY_COCO_val2014_000000540782.png,bicycle,bench,toilet,0.9524756074,parking meter,0.004506394267,fire hydrant,0.0004596177896,0,0.0,1,0.9789889455
COCO_val2014_000000132389_OCCLUDED_BY_COCO_val2014_000000272416.png,dog,toilet,toilet,0.9198397398,,0.0,,0.0,0,0.0,1,0.9198397398
COCO_val2014_000000376996_OCCLUDED_BY_COCO_val2014_000000436315.png,airplane,pizza,pizza,0.9984972477,,0.0,,0.0,0,0.0,1,0.9984972477
COCO_val2014_000000090367_OCCLUDED_BY_COCO_val2014_000000249909.png,dog,giraffe,giraffe,0.9784711003,,0.0,,0.0,0,0.0,1,0.9784711003
COCO_val2014_000000325664_OCCLUDED_BY_COCO_val2014_000000426247.png,bear,dog,dog,0.9467535019,,0.0,,0.0,0,0.0,1,0.9467535019
COCO_val2014_000000450849_OCCLUDED_BY_COCO_val2014_000000203317.png,clock,bicycle,bicycle,0.9969007969,,0.0,,0.0,0,0.0,1,0.9969007969
COCO_val2014_000000033144_OCCLUDED_BY_COCO_val2014_000000420313.png,truck,cake,cake,0.90546453,dining table,0.0001704782335,cake,0.9320819378,0,0.0,1,0.90546453
COCO_val2014_000000483348_OCCLUDED_BY_COCO_val2014_000000189772.png,toilet,bicycle,bicycle,0.9961368442,,0.0,,0.0,0,0.0,1,0.9961368442
COCO_val2014_000000532773_OCCLUDED_BY_COCO_val2014_000000246512.png,truck,dog,dog,0.9375002384,,0.0,,0.0,0,0.0,1,0.9375002384
COCO_val2014_000000581726_OCCLUDED_BY_COCO_val2014_000000274653.png,elephant,cake,cake,0.9983007312,,0.0,,0.0,0,0.0,1,0.9983007312
COCO_val2014_000000334140_OCCLUDED_BY_COCO_val2014_000000069698.png,bicycle,pizza,pizza,0.9894139767,,0.0,,0.0,0,0.0,1,0.9894139767
COCO_val2014_000000404191_OCCLUDED_BY_COCO_val2014_000000172627.png,refrigerator,cake,cake,0.964662075,,0.0,,0.0,0,0.0,1,0.964662075
COCO_val2014_000000454693_OCCLUDED_BY_COCO_val2014_000000370749.png,giraffe,elephant,elephant,0.9929870963,,0.0,,0.0,0,0.0,1,0.9929870963
COCO_val2014_000000244218_OCCLUDED_BY_COCO_val2014_000000069698.png,refrigerator,pizza,pizza,0.9381870627,,0.0,,0.0,0,0.0,1,0.9381870627
COCO_val2014_000000237735_OCCLUDED_BY_COCO_val2014_000000508672.png,airplane,bicycle,bicycle,0.9010514617,,0.0,,0.0,0,0.0,1,0.9010514617
COCO_val2014_000000082327_OCCLUDED_BY_COCO_val2014_000000453138.png,clock,bicycle,bicycle,0.9796276093,,0.0,,0.0,0,0.0,1,0.9796276093
COCO_val2014_000000404191_OCCLUDED_BY_COCO_val2014_000000558073.png,refrigerator,cat,cat,0.9965008497,,0.0,,0.0,0,0.0,1,0.9965008497
COCO_val2014_000000399400_OCCLUDED_BY_COCO_val2014_000000508672.png,airplane,bicycle,bicycle,0.9589723945,,0.0,,0.0,0,0.0,1,0.9589723945
COCO_val2014_000000242379_OCCLUDED_BY_COCO_val2014_000000532285.png,cake,bicycle,pizza,0.9438812733,cake,0.01404447481,bicycle,0.9946421385,1,0.01404447481,1,0.9946421385
COCO_val2014_000000090367_OCCLUDED_BY_COCO_val2014_000000356478.png,dog,elephant,elephant,0.94996804,,0.0,,0.0,0,0.0,1,0.94996804
COCO_val2014_000000032952_OCCLUDED_BY_COCO_val2014_000000131531.png,elephant,clock,clock,0.971986711,,0.0,,0.0,0,0.0,1,0.971986711
COCO_val2014_000000540782_OCCLUDED_BY_COCO_val2014_000000139436.png,bench,elephant,elephant,0.9815886021,,0.0,,0.0,0,0.0,1,0.9815886021
COCO_val2014_000000456732_OCCLUDED_BY_COCO_val2014_000000025430.png,toilet,bench,toilet,0.915335834,,0.0,,0.0,1,0.915335834,0,0.0
COCO_val2014_000000213338_OCCLUDED_BY_COCO_val2014_000000393995.png,clock,cat,clock,0.9510856867,tv,0.0001552637841,remote,0.00014297296,1,0.9510856867,0,0.0
COCO_val2014_000000483564_OCCLUDED_BY_COCO_val2014_000000459136.png,clock,bench,clock,0.9760650992,tennis racket,6.84e-05,clock,0.9253036976,1,0.9760650992,0,0.0
COCO_val2014_000000002061_OCCLUDED_BY_COCO_val2014_000000240918.png,toilet,bicycle,toilet,0.9254526496,,0.0,,0.0,1,0.9254526496,0,0.0
COCO_val2014_000000279305_OCCLUDED_BY_COCO_val2014_000000143644.png,cake,teddy bear,cake,0.9336620569,,0.0,,0.0,1,0.9336620569,0,0.0
COCO_val2014_000000274653_OCCLUDED_BY_COCO_val2014_000000540816.png,cake,airplane,cake,0.9734681845,bed,0.0006281338283,cake,0.9423704147,1,0.9734681845,1,0.0154284751
COCO_val2014_000000164372_OCCLUDED_BY_COCO_val2014_000000344368.png,truck,cat,truck,0.9100060463,,0.0,,0.0,1,0.9100060463,0,0.0
COCO_val2014_000000213338_OCCLUDED_BY_COCO_val2014_000000116786.png,clock,toilet,clock,0.9389785528,bird,3.61e-05,clock,0.9562390447,1,0.9389785528,0,0.0
COCO_val2014_000000205103_OCCLUDED_BY_COCO_val2014_000000540789.png,cat,clock,cat,0.9291217327,,0.0,,0.0,1,0.9291217327,0,0.0
COCO_val2014_000000279305_OCCLUDED_BY_COCO_val2014_000000190783.png,cake,teddy bear,cake,0.996280849,,0.0,,0.0,1,0.996280849,0,0.0
COCO_val2014_000000205647_OCCLUDED_BY_COCO_val2014_000000279305.png,truck,cake,truck,0.9577069879,bus,0.0003092105326,car,0.0001651855273,1,0.9577069879,0,0.0
COCO_val2014_000000532571_OCCLUDED_BY_COCO_val2014_000000446703.png,pizza,teddy bear,pizza,0.9408269525,,0.0,,0.0,1,0.9408269525,0,0.0
COCO_val2014_000000116786_OCCLUDED_BY_COCO_val2014_000000434576.png,toilet,cat,toilet,0.9692145586,,0.0,,0.0,1,0.9692145586,0,0.0
COCO_val2014_000000045057_OCCLUDED_BY_COCO_val2014_000000540789.png,pizza,clock,pizza,0.9480705857,cake,0.004153297748,knife,0.001430950593,1,0.9480705857,0,0.0
COCO_val2014_000000164372_OCCLUDED_BY_COCO_val2014_000000205239.png,truck,clock,truck,0.9436404705,,0.0,,0.0,1,0.9436404705,0,0.0
COCO_val2014_000000116786_OCCLUDED_BY_COCO_val2014_000000189772.png,toilet,bicycle,toilet,0.9756993055,,0.0,,0.0,1,0.9756993055,0,0.0
COCO_val2014_000000242379_OCCLUDED_BY_COCO_val2014_000000389283.png,cake,teddy bear,cake,0.9345501065,donut,0.000670332578,knife,0.0003502031905,1,0.9345501065,0,0.0
COCO_val2014_000000389128_OCCLUDED_BY_COCO_val2014_000000240918.png,toilet,bicycle,toilet,0.9332054257,,0.0,,0.0,1,0.9332054257,0,0.0
COCO_val2014_000000246540_OCCLUDED_BY_COCO_val2014_000000188447.png,cake,pizza,cake,0.9904230833,,0.0,,0.0,1,0.9904230833,0,0.0
COCO_val2014_000000213338_OCCLUDED_BY_COCO_val2014_000000524392.png,clock,refrigerator,clock,0.9841338396,apple,0.000101368707,pizza,7.42e-05,1,0.9841338396,0,0.0
COCO_val2014_000000045057_OCCLUDED_BY_COCO_val2014_000000079878.png,pizza,toilet,pizza,0.9227311611,bowl,0.03474820033,cake,0.007119129412,1,0.9227311611,0,0.0
COCO_val2014_000000508672_OCCLUDED_BY_COCO_val2014_000000534601.png,bicycle,teddy bear,bicycle,0.9253724813,,0.0,,0.0,1,0.9253724813,0,0.0
COCO_val2014_000000242379_OCCLUDED_BY_COCO_val2014_000000240918.png,cake,bicycle,cake,0.9740601778,pizza,0.002788932994,donut,0.001522034989,1,0.9740601778,0,0.0
COCO_val2014_000000249909_OCCLUDED_BY_COCO_val2014_000000262347.png,giraffe,bench,giraffe,0.9873487949,,0.0,,0.0,1,0.9873487949,0,0.0
COCO_val2014_000000242379_OCCLUDED_BY_COCO_val2014_000000442952.png,cake,bench,cake,0.9732117057,banana,0.0003816667304,bowl,0.0001395246218,1,0.9732117057,0,0.0
COCO_val2014_000000315864_OCCLUDED_BY_COCO_val2014_000000325664.png,cake,bear,cake,0.997587204,,0.0,,0.0,1,0.997587204,0,0.0
COCO_val2014_000000131531_OCCLUDED_BY_COCO_val2014_000000074013.png,clock,cat,clock,0.9935302138,remote,1.96e-05,tennis racket,9.83e-06,1,0.9935302138,0,0.0
COCO_val2014_000000131531_OCCLUDED_BY_COCO_val2014_000000532571.png,clock,pizza,clock,0.982732296,remote,7.59e-06,clock,0.9830174446,1,0.982732296,0,0.0
COCO_val2014_000000131531_OCCLUDED_BY_COCO_val2014_000000295270.png,clock,bench,clock,0.9452561736,chair,3.42e-05,tennis racket,2.88e-05,1,0.9452561736,0,0.0
COCO_val2014_000000508672_OCCLUDED_BY_COCO_val2014_000000274591.png,bicycle,bear,bicycle,0.9855831861,,0.0,,0.0,1,0.9855831861,0,0.0
COCO_val2014_000000508672_OCCLUDED_BY_COCO_val2014_000000168129.png,bicycle,elephant,bicycle,0.9871594906,,0.0,,0.0,1,0.9871594906,0,0.0
COCO_val2014_000000456732_OCCLUDED_BY_COCO_val2014_000000483564.png,toilet,clock,toilet,0.9345467091,,0.0,,0.0,1,0.9345467091,0,0.0
COCO_val2014_000000561208_OCCLUDED_BY_COCO_val2014_000000451648.png,giraffe,truck,car,0.9493717551,truck,0.00119567255,giraffe,0.9823364615,1,0.9823364615,1,0.00119567255
COCO_val2014_000000436315_OCCLUDED_BY_COCO_val2014_000000164363.png,pizza,clock,pizza,0.9928582907,clock,8.47e-05,bus,6.81e-05,1,0.9928582907,1,8.47e-05
COCO_val2014_000000188447_OCCLUDED_BY_COCO_val2014_000000099543.png,pizza,dog,pizza,0.9524353743,hot dog,0.02790984884,pizza,0.9607403278,1,0.9524353743,0,0.0
COCO_val2014_000000140010_OCCLUDED_BY_COCO_val2014_000000090367.png,cake,dog,cake,0.9275146127,,0.0,,0.0,1,0.9275146127,0,0.0
COCO_val2014_000000049733_OCCLUDED_BY_COCO_val2014_000000499835.png,clock,truck,clock,0.9241839647,,0.0,,0.0,1,0.9241839647,0,0.0
COCO_val2014_000000389128_OCCLUDED_BY_COCO_val2014_000000471184.png,toilet,giraffe,toilet,0.9881832004,,0.0,,0.0,1,0.9881832004,0,0.0
COCO_val2014_000000327777_OCCLUDED_BY_COCO_val2014_000000483564.png,pizza,clock,cup,0.9734705687,bowl,0.0003698319488,spoon,0.000159530653,1,0.9729571342,1,0.001640165574
COCO_val2014_000000116786_OCCLUDED_BY_COCO_val2014_000000120850.png,toilet,bear,toilet,0.9900214076,,0.0,,0.0,1,0.9900214076,0,0.0
COCO_val2014_000000213338_OCCLUDED_BY_COCO_val2014_000000168129.png,clock,elephant,clock,0.9955757856,,0.0,,0.0,1,0.9955757856,0,0.0
COCO_val2014_000000508672_OCCLUDED_BY_COCO_val2014_000000295270.png,bicycle,bench,bicycle,0.9285405278,potted plant,0.0002825552656,bench,0.0002474611101,1,0.9285405278,1,0.0002474611101
COCO_val2014_000000205647_OCCLUDED_BY_COCO_val2014_000000139436.png,truck,elephant,truck,0.9340137243,car,0.004714074079,bus,0.0008715093718,1,0.9340137243,0,0.0
COCO_val2014_000000045057_OCCLUDED_BY_COCO_val2014_000000404191.png,pizza,refrigerator,pizza,0.980012238,,0.0,,0.0,1,0.980012238,0,0.0
COCO_val2014_000000079878_OCCLUDED_BY_COCO_val2014_000000246512.png,toilet,dog,toilet,0.9709676504,sink,0.0001396847074,toilet,0.9251827598,1,0.9709676504,0,0.0
COCO_val2014_000000242379_OCCLUDED_BY_COCO_val2014_000000104619.png,cake,giraffe,cake,0.9764728546,teddy bear,3.3e-05,cake,0.9692082405,1,0.9764728546,0,0.0
COCO_val2014_000000049733_OCCLUDED_BY_COCO_val2014_000000190783.png,clock,teddy bear,clock,0.9619147182,,0.0,,0.0,1,0.9619147182,0,0.0
COCO_val2014_000000205103_OCCLUDED_BY_COCO_val2014_000000427041.png,cat,truck,cat,0.9285641909,,0.0,,0.0,1,0.9285641909,0,0.0
COCO_val2014_000000139436_OCCLUDED_BY_COCO_val2014_000000460927.png,elephant,bear,elephant,0.9522969723,,0.0,,0.0,1,0.9522969723,0,0.0
COCO_val2014_000000002061_OCCLUDED_BY_COCO_val2014_000000417957.png,toilet,bench,toilet,0.9544169307,parking meter,0.0007698753616,toilet,0.9100219607,1,0.9544169307,0,0.0
COCO_val2014_000000140010_OCCLUDED_BY_COCO_val2014_000000032952.png,cake,elephant,cake,0.9585393071,,0.0,,0.0,1,0.9585393071,0,0.0
COCO_val2014_000000389128_OCCLUDED_BY_COCO_val2014_000000104619.png,toilet,giraffe,toilet,0.9431657791,bowl,8.58e-05,sink,7.07e-05,1,0.9431657791,0,0.0
COCO_val2014_000000029346_OCCLUDED_BY_COCO_val2014_000000389283.png,cake,teddy bear,cake,0.9840869308,,0.0,,0.0,1,0.9840869308,0,0.0
COCO_val2014_000000508672_OCCLUDED_BY_COCO_val2014_000000020536.png,bicycle,toilet,bicycle,0.9845243096,,0.0,,0.0,1,0.9845243096,0,0.0
COCO_val2014_000000450849_OCCLUDED_BY_COCO_val2014_000000188522.png,clock,truck,clock,0.9334106445,,0.0,,0.0,1,0.9334106445,0,0.0
COCO_val2014_000000315864_OCCLUDED_BY_COCO_val2014_000000043128.png,cake,elephant,cake,0.926645875,,0.0,,0.0,1,0.926645875,0,0.0
COCO_val2014_000000045057_OCCLUDED_BY_COCO_val2014_000000074013.png,pizza,cat,pizza,0.9489365816,cake,0.0006673798198,apple,0.0006451703375,1,0.9489365816,0,0.0
COCO_val2014_000000242379_OCCLUDED_BY_COCO_val2014_000000499835.png,cake,truck,cake,0.9293172956,,0.0,,0.0,1,0.9293172956,0,0.0
COCO_val2014_000000558073_OCCLUDED_BY_COCO_val2014_000000242287.png,cat,bicycle,cat,0.9652792811,,0.0,,0.0,1,0.9652792811,0,0.0
COCO_val2014_000000249909_OCCLUDED_BY_COCO_val2014_000000290836.png,giraffe,elephant,giraffe,0.9557481408,,0.0,,0.0,1,0.9557481408,0,0.0
COCO_val2014_000000098633_OCCLUDED_BY_COCO_val2014_000000020536.png,cake,toilet,cake,0.9522654414,,0.0,,0.0,1,0.9522654414,0,0.0
COCO_val2014_000000451648_OCCLUDED_BY_COCO_val2014_000000370749.png,truck,elephant,truck,0.9397108555,,0.0,,0.0,1,0.9397108555,0,0.0
COCO_val2014_000000188447_OCCLUDED_BY_COCO_val2014_000000002061.png,pizza,toilet,bowl,0.9850292802,broccoli,0.0002668740635,spoon,0.0001112489263,1,0.929651618,0,0.0
COCO_val2014_000000098633_OCCLUDED_BY_COCO_val2014_000000219174.png,cake,bear,cake,0.9739786386,,0.0,,0.0,1,0.9739786386,0,0.0
COCO_val2014_000000029346_OCCLUDED_BY_COCO_val2014_000000325664.png,cake,bear,cake,0.9977389574,,0.0,,0.0,1,0.9977389574,0,0.0
COCO_val2014_000000540782_OCCLUDED_BY_COCO_val2014_000000120850.png,bench,bear,bench,0.982527554,,0.0,,0.0,1,0.982527554,0,0.0
COCO_val2014_000000508672_OCCLUDED_BY_COCO_val2014_000000164372.png,bicycle,truck,bicycle,0.9334459305,clock,0.0004449495755,bus,0.0002011268953,1,0.9334459305,0,0.0
COCO_val2014_000000436315_OCCLUDED_BY_COCO_val2014_000000524392.png,pizza,refrigerator,pizza,0.995393157,clock,0.0002246462391,bus,3.01e-05,1,0.995393157,0,0.0
COCO_val2014_000000389128_OCCLUDED_BY_COCO_val2014_000000290836.png,toilet,elephant,toilet,0.9671398997,sink,0.0003330082109,bowl,3.35e-05,1,0.9671398997,0,0.0
COCO_val2014_000000242379_OCCLUDED_BY_COCO_val2014_000000205239.png,cake,clock,cake,0.9836844206,pizza,0.0002382906823,bowl,0.0002357025805,1,0.9836844206,0,0.0
COCO_val2014_000000079878_OCCLUDED_BY_COCO_val2014_000000094355.png,toilet,bear,toilet,0.9122208953,,0.0,,0.0,1,0.9122208953,0,0.0
COCO_val2014_000000274653_OCCLUDED_BY_COCO_val2014_000000534601.png,cake,teddy bear,cake,0.9968626499,,0.0,,0.0,1,0.9968626499,0,0.0
COCO_val2014_000000377406_OCCLUDED_BY_COCO_val2014_000000049667.png,bench,clock,bench,0.9653933644,,0.0,,0.0,1,0.9653933644,0,0.0
COCO_val2014_000000189772_OCCLUDED_BY_COCO_val2014_000000451648.png,bicycle,truck,bicycle,0.9894593954,,0.0,,0.0,1,0.9894593954,0,0.0
COCO_val2014_000000164372_OCCLUDED_BY_COCO_val2014_000000168129.png,truck,elephant,truck,0.9613141418,,0.0,,0.0,1,0.9613141418,0,0.0
COCO_val2014_000000242379_OCCLUDED_BY_COCO_val2014_000000156466.png,cake,bench,cake,0.9613221884,,0.0,,0.0,1,0.9613221884,0,0.0
COCO_val2014_000000082327_OCCLUDED_BY_COCO_val2014_000000238377.png,clock,dog,clock,0.9275680184,,0.0,,0.0,1,0.9275680184,0,0.0
COCO_val2014_000000532773_OCCLUDED_BY_COCO_val2014_000000356478.png,truck,elephant,truck,0.9618064165,,0.0,,0.0,1,0.9618064165,0,0.0
COCO_val2014_000000189772_OCCLUDED_BY_COCO_val2014_000000534601.png,bicycle,teddy bear,bicycle,0.9001035094,bench,0.0004255310632,bicycle,0.91380018,1,0.9001035094,0,0.0
COCO_val2014_000000098633_OCCLUDED_BY_COCO_val2014_000000534601.png,cake,teddy bear,cake,0.9974831939,,0.0,,0.0,1,0.9974831939,0,0.0
COCO_val2014_000000242379_OCCLUDED_BY_COCO_val2014_000000313420.png,cake,teddy bear,cake,0.9484403729,banana,0.0002568017808,cake,0.9284518361,1,0.9484403729,0,0.0
COCO_val2014_000000082327_OCCLUDED_BY_COCO_val2014_000000188522.png,clock,truck,clock,0.9769544005,traffic light,4.49e-05,pizza,1.49e-05,1,0.9769544005,0,0.0
COCO_val2014_000000205647_OCCLUDED_BY_COCO_val2014_000000120850.png,truck,bear,truck,0.9457105994,car,0.001725584501,bus,0.0001401941263,1,0.9457105994,0,0.0
COCO_val2014_000000246540_OCCLUDED_BY_COCO_val2014_000000344368.png,cake,cat,cake,0.9226872325,spoon,0.0006346170558,knife,0.0003107431112,1,0.9226872325,0,0.0
COCO_val2014_000000131531_OCCLUDED_BY_COCO_val2014_000000029346.png,clock,cake,clock,0.9725009203,tennis racket,6.1e-05,chair,3.04e-05,1,0.9725009203,0,0.0
COCO_val2014_000000456732_OCCLUDED_BY_COCO_val2014_000000460927.png,toilet,bear,toilet,0.9225299358,sink,0.0005579275894,toilet,0.9035892487,1,0.9225299358,0,0.0
COCO_val2014_000000131531_OCCLUDED_BY_COCO_val2014_000000043128.png,clock,elephant,clock,0.9969359636,tennis racket,3.85e-05,remote,1.06e-05,1,0.9969359636,0,0.0
COCO_val2014_000000532571_OCCLUDED_BY_COCO_val2014_000000272416.png,pizza,toilet,pizza,0.9051678777,cake,0.0008404423133,bowl,0.0007201464032,1,0.9051678777,0,0.0
COCO_val2014_000000436315_OCCLUDED_BY_COCO_val2014_000000558073.png,pizza,cat,pizza,0.9915472865,clock,0.0009380360716,bus,0.0001017083341,1,0.9915472865,0,0.0
COCO_val2014_000000456732_OCCLUDED_BY_COCO_val2014_000000075786.png,toilet,bear,toilet,0.9160977602,,0.0,,0.0,1,0.9160977602,0,0.0
COCO_val2014_000000508672_OCCLUDED_BY_COCO_val2014_000000336302.png,bicycle,cat,bicycle,0.9563032389,book,7.5e-05,bicycle,0.9006825686,1,0.9563032389,0,0.0
COCO_val2014_000000508672_OCCLUDED_BY_COCO_val2014_000000524392.png,bicycle,refrigerator,potted plant,0.9924115539,vase,7.76e-05,broccoli,2e-05,1,0.9138099551,0,0.0
COCO_val2014_000000049733_OCCLUDED_BY_COCO_val2014_000000020536.png,clock,toilet,clock,0.9249308705,,0.0,,0.0,1,0.9249308705,0,0.0
COCO_val2014_000000205647_OCCLUDED_BY_COCO_val2014_000000346605.png,truck,refrigerator,truck,0.9914724827,car,0.001547418535,sink,5.96e-05,1,0.9914724827,0,0.0
COCO_val2014_000000242379_OCCLUDED_BY_COCO_val2014_000000397322.png,cake,refrigerator,cake,0.9757016897,knife,0.0001141359244,banana,9.13e-05,1,0.9757016897,0,0.0
COCO_val2014_000000205647_OCCLUDED_BY_COCO_val2014_000000094355.png,truck,bear,truck,0.916528821,car,0.0009208633564,bus,0.0004063274246,1,0.916528821,0,0.0
COCO_val2014_000000029346_OCCLUDED_BY_COCO_val2014_000000043128.png,cake,elephant,cake,0.909367919,elephant,0.002026987961,elephant,0.9320167303,1,0.909367919,1,0.002026987961
COCO_val2014_000000082327_OCCLUDED_BY_COCO_val2014_000000540782.png,clock,bench,clock,0.9028207064,stop sign,0.0003615634632,clock,0.9187589288,1,0.9028207064,0,0.0
COCO_val2014_000000242379_OCCLUDED_BY_COCO_val2014_000000264870.png,cake,refrigerator,cake,0.9573916197,bowl,0.0003441680747,knife,8.59e-05,1,0.9573916197,0,0.0
COCO_val2014_000000389128_OCCLUDED_BY_COCO_val2014_000000049667.png,toilet,clock,toilet,0.9458608627,sink,0.0001293070236,hair drier,9.72e-05,1,0.9458608627,0,0.0
COCO_val2014_000000262347_OCCLUDED_BY_COCO_val2014_000000320020.png,bench,dog,broccoli,0.9296021461,bowl,0.005487514194,boat,0.0004518236674,0,0.0,0,0.0
COCO_val2014_000000313420_OCCLUDED_BY_COCO_val2014_000000325664.png,teddy bear,bear,cake,0.9955918193,,0.0,,0.0,0,0.0,0,0.0
COCO_val2014_000000098444_OCCLUDED_BY_COCO_val2014_000000262347.png,teddy bear,bench,stop sign,0.9122437835,traffic light,0.0001334894187,stop sign,0.9910421371,0,0.0,0,0.0
COCO_val2014_000000483564_OCCLUDED_BY_COCO_val2014_000000090367.png,clock,dog,stop sign,0.9816209674,,0.0,,0.0,0,0.0,0,0.0
COCO_val2014_000000041257_OCCLUDED_BY_COCO_val2014_000000020536.png,cat,toilet,,0.0,,0.0,,0.0,0,0.0,0,0.0
COCO_val2014_000000540816_OCCLUDED_BY_COCO_val2014_000000104619.png,airplane,giraffe,,0.0,,0.0,,0.0,0,0.0,0,0.0
COCO_val2014_000000334140_OCCLUDED_BY_COCO_val2014_000000045663.png,bicycle,refrigerator,traffic light,0.9475681782,,0.0,,0.0,0,0.0,0,0.0
COCO_val2014_000000110630_OCCLUDED_BY_COCO_val2014_000000540816.png,pizza,airplane,,0.0,,0.0,,0.0,0,0.0,0,0.0
COCO_val2014_000000004396_OCCLUDED_BY_COCO_val2014_000000399400.png,teddy bear,airplane,,0.0,,0.0,,0.0,0,0.0,0,0.0
COCO_val2014_000000442952_OCCLUDED_BY_COCO_val2014_000000120850.png,bench,bear,,0.0,,0.0,,0.0,0,0.0,0,0.0
COCO_val2014_000000238377_OCCLUDED_BY_COCO_val2014_000000334140.png,dog,bicycle,bird,0.9858167171,,0.0,,0.0,0,0.0,0,0.0
COCO_val2014_000000436280_OCCLUDED_BY_COCO_val2014_000000098767.png,airplane,refrigerator,,0.0,,0.0,,0.0,0,0.0,0,0.0
COCO_val2014_000000249909_OCCLUDED_BY_COCO_val2014_000000532773.png,giraffe,truck,,0.0,,0.0,,0.0,0,0.0,0,0.0
COCO_val2014_000000162763_OCCLUDED_BY_COCO_val2014_000000532773.png,bicycle,truck,train,0.9865520597,,0.0,,0.0,0,0.0,0,0.0
COCO_val2014_000000249909_OCCLUDED_BY_COCO_val2014_000000399400.png,giraffe,airplane,,0.0,,0.0,,0.0,0,0.0,0,0.0
COCO_val2014_000000323709_OCCLUDED_BY_COCO_val2014_000000528972.png,airplane,refrigerator,,0.0,,0.0,,0.0,0,0.0,0,0.0
COCO_val2014_000000487461_OCCLUDED_BY_COCO_val2014_000000404191.png,bear,refrigerator,,0.0,,0.0,,0.0,0,0.0,0,0.0
COCO_val2014_000000140010_OCCLUDED_BY_COCO_val2014_000000110630.png,cake,pizza,donut,0.964065671,,0.0,,0.0,0,0.0,0,0.0
COCO_val2014_000000139436_OCCLUDED_BY_COCO_val2014_000000132389.png,elephant,dog,cow,0.9719359279,,0.0,,0.0,0,0.0,0,0.0
COCO_val2014_000000251936_OCCLUDED_BY_COCO_val2014_000000459136.png,bear,bench,,0.0,,0.0,,0.0,0,0.0,0,0.0
COCO_val2014_000000290836_OCCLUDED_BY_COCO_val2014_000000456732.png,elephant,toilet,,0.0,,0.0,,0.0,0,0.0,0,0.0
COCO_val2014_000000451648_OCCLUDED_BY_COCO_val2014_000000140010.png,truck,cake,,0.0,,0.0,,0.0,0,0.0,0,0.0
COCO_val2014_000000532773_OCCLUDED_BY_COCO_val2014_000000290836.png,truck,elephant,,0.0,,0.0,,0.0,0,0.0,0,0.0
COCO_val2014_000000104619_OCCLUDED_BY_COCO_val2014_000000456732.png,giraffe,toilet,,0.0,,0.0,,0.0,0,0.0,0,0.0
COCO_val2014_000000164363_OCCLUDED_BY_COCO_val2014_000000389283.png,clock,teddy bear,,0.0,,0.0,,0.0,0,0.0,0,0.0
COCO_val2014_000000074013_OCCLUDED_BY_COCO_val2014_000000320020.png,cat,dog,cow,0.9660812616,,0.0,,0.0,0,0.0,0,0.0
COCO_val2014_000000581655_OCCLUDED_BY_COCO_val2014_000000221666.png,pizza,bench,,0.0,,0.0,,0.0,0,0.0,0,0.0
COCO_val2014_000000034830_OCCLUDED_BY_COCO_val2014_000000540789.png,toilet,clock,stop sign,0.985812068,traffic light,0.001033931854,clock,0.0006182390498,0,0.0,1,0.0006182390498
COCO_val2014_000000172627_OCCLUDED_BY_COCO_val2014_000000327777.png,cake,pizza,,0.0,,0.0,,0.0,0,0.0,0,0.0
COCO_val2014_000000079878_OCCLUDED_BY_COCO_val2014_000000553094.png,toilet,airplane,,0.0,,0.0,,0.0,0,0.0,0,0.0
COCO_val2014_000000453138_OCCLUDED_BY_COCO_val2014_000000295076.png,bicycle,airplane,,0.0,,0.0,,0.0,0,0.0,0,0.0
COCO_val2014_000000376996_OCCLUDED_BY_COCO_val2014_000000532773.png,airplane,truck,train,0.9456977844,,0.0,,0.0,0,0.0,0,0.0
COCO_val2014_000000237597_OCCLUDED_BY_COCO_val2014_000000303253.png,elephant,dog,,0.0,,0.0,,0.0,0,0.0,0,0.0
COCO_val2014_000000450849_OCCLUDED_BY_COCO_val2014_000000404191.png,clock,refrigerator,,0.0,,0.0,,0.0,0,0.0,0,0.0
COCO_val2014_000000376996_OCCLUDED_BY_COCO_val2014_000000238377.png,airplane,dog,,0.0,,0.0,,0.0,0,0.0,0,0.0
COCO_val2014_000000555023_OCCLUDED_BY_COCO_val2014_000000098633.png,giraffe,cake,spoon,0.9334709644,,0.0,,0.0,0,0.0,0,0.0
COCO_val2014_000000313420_OCCLUDED_BY_COCO_val2014_000000540816.png,teddy bear,airplane,donut,0.9957076311,,0.0,,0.0,0,0.0,0,0.0
COCO_val2014_000000221666_OCCLUDED_BY_COCO_val2014_000000540830.png,bench,teddy bear,,0.0,,0.0,,0.0,0,0.0,0,0.0
COCO_val2014_000000099543_OCCLUDED_BY_COCO_val2014_000000456732.png,dog,toilet,,0.0,,0.0,,0.0,0,0.0,0,0.0
COCO_val2014_000000033144_OCCLUDED_BY_COCO_val2014_000000389283.png,truck,teddy bear,cake,0.9704063535,,0.0,,0.0,0,0.0,0,0.0
COCO_val2014_000000000042_OCCLUDED_BY_COCO_val2014_000000456732.png,dog,toilet,,0.0,,0.0,,0.0,0,0.0,0,0.0
COCO_val2014_000000069698_OCCLUDED_BY_COCO_val2014_000000004396.png,pizza,teddy bear,cake,0.9435229897,,0.0,,0.0,0,0.0,0,0.0
COCO_val2014_000000205103_OCCLUDED_BY_COCO_val2014_000000460927.png,cat,bear,,0.0,,0.0,,0.0,0,0.0,0,0.0
COCO_val2014_000000135670_OCCLUDED_BY_COCO_val2014_000000303253.png,bicycle,dog,,0.0,,0.0,,0.0,0,0.0,0,0.0
COCO_val2014_000000540789_OCCLUDED_BY_COCO_val2014_000000313420.png,clock,teddy bear,,0.0,,0.0,,0.0,0,0.0,0,0.0
COCO_val2014_000000255134_OCCLUDED_BY_COCO_val2014_000000344368.png,dog,cat,,0.0,,0.0,,0.0,0,0.0,0,0.0
COCO_val2014_000000110759_OCCLUDED_BY_COCO_val2014_000000404191.png,giraffe,refrigerator,,0.0,,0.0,,0.0,0,0.0,0,0.0
COCO_val2014_000000098444_OCCLUDED_BY_COCO_val2014_000000456865.png,teddy bear,airplane,stop sign,0.9624502063,,0.0,,0.0,0,0.0,0,0.0
COCO_val2014_000000540789_OCCLUDED_BY_COCO_val2014_000000251936.png,clock,bear,,0.0,,0.0,,0.0,0,0.0,0,0.0
COCO_val2014_000000074013_OCCLUDED_BY_COCO_val2014_000000098633.png,cat,cake,,0.0,,0.0,,0.0,0,0.0,0,0.0
COCO_val2014_000000389283_OCCLUDED_BY_COCO_val2014_000000002061.png,teddy bear,toilet,,0.0,,0.0,,0.0,0,0.0,0,0.0
COCO_val2014_000000139436_OCCLUDED_BY_COCO_val2014_000000190783.png,elephant,teddy bear,,0.0,,0.0,,0.0,0,0.0,0,0.0
COCO_val2014_000000049733_OCCLUDED_BY_COCO_val2014_000000456732.png,clock,toilet,,0.0,,0.0,,0.0,0,0.0,0,0.0
COCO_val2014_000000376996_OCCLUDED_BY_COCO_val2014_000000034830.png,airplane,toilet,,0.0,,0.0,,0.0,0,0.0,0,0.0
COCO_val2014_000000508672_OCCLUDED_BY_COCO_val2014_000000043128.png,bicycle,elephant,potted plant,0.9194988012,,0.0,,0.0,0,0.0,0,0.0
COCO_val2014_000000346605_OCCLUDED_BY_COCO_val2014_000000045057.png,refrigerator,pizza,,0.0,,0.0,,0.0,0,0.0,0,0.0
COCO_val2014_000000313420_OCCLUDED_BY_COCO_val2014_000000397322.png,teddy bear,refrigerator,donut,0.9558546543,chair,0.001859439886,donut,0.9989535809,0,0.0,0,0.0
COCO_val2014_000000483564_OCCLUDED_BY_COCO_val2014_000000295270.png,clock,bench,stop sign,0.9889240861,,0.0,,0.0,0,0.0,0,0.0
COCO_val2014_000000131159_OCCLUDED_BY_COCO_val2014_000000237735.png,teddy bear,airplane,,0.0,,0.0,,0.0,0,0.0,0,0.0
COCO_val2014_000000295076_OCCLUDED_BY_COCO_val2014_000000295270.png,airplane,bench,,0.0,,0.0,,0.0,0,0.0,0,0.0
COCO_val2014_000000442952_OCCLUDED_BY_COCO_val2014_000000219174.png,bench,bear,cake,0.9003528357,,0.0,,0.0,0,0.0,0,0.0
COCO_val2014_000000120850_OCCLUDED_BY_COCO_val2014_000000029346.png,bear,cake,,0.0,,0.0,,0.0,0,0.0,0,0.0
COCO_val2014_000000579593_OCCLUDED_BY_COCO_val2014_000000079878.png,giraffe,toilet,clock,0.9969193935,apple,3.12e-05,pizza,3.02e-05,0,0.0,0,0.0
COCO_val2014_000000131159_OCCLUDED_BY_COCO_val2014_000000553094.png,teddy bear,airplane,,0.0,,0.0,,0.0,0,0.0,0,0.0
COCO_val2014_000000049667_OCCLUDED_BY_COCO_val2014_000000045057.png,clock,pizza,,0.0,,0.0,,0.0,0,0.0,0,0.0
COCO_val2014_000000278601_OCCLUDED_BY_COCO_val2014_000000344368.png,truck,cat,,0.0,,0.0,,0.0,0,0.0,0,0.0
COCO_val2014_000000532571_OCCLUDED_BY_COCO_val2014_000000246512.png,pizza,dog,donut,0.9470909238,,0.0,,0.0,0,0.0,0,0.0
COCO_val2014_000000140010_OCCLUDED_BY_COCO_val2014_000000581726.png,cake,elephant,donut,0.9493796825,hot dog,0.01322831865,cup,0.914057374,0,0.0,0,0.0
COCO_val2014_000000540816_OCCLUDED_BY_COCO_val2014_000000079878.png,airplane,toilet,traffic light,0.9495059848,scissors,0.0004719068529,traffic light,0.9130870104,0,0.0,0,0.0
COCO_val2014_000000135670_OCCLUDED_BY_COCO_val2014_000000290836.png,bicycle,elephant,,0.0,,0.0,,0.0,0,0.0,0,0.0
COCO_val2014_000000534601_OCCLUDED_BY_COCO_val2014_000000020536.png,teddy bear,toilet,,0.0,,0.0,,0.0,0,0.0,0,0.0
COCO_val2014_000000427041_OCCLUDED_BY_COCO_val2014_000000098767.png,truck,refrigerator,broccoli,0.9301229715,carrot,0.001351452549,bowl,0.0006377827958,0,0.0,0,0.0
COCO_val2014_000000143644_OCCLUDED_BY_COCO_val2014_000000434576.png,teddy bear,cat,,0.0,,0.0,,0.0,0,0.0,0,0.0
COCO_val2014_000000219174_OCCLUDED_BY_COCO_val2014_000000377406.png,bear,bench,,0.0,,0.0,,0.0,0,0.0,0,0.0
COCO_val2014_000000320020_OCCLUDED_BY_COCO_val2014_000000295076.png,dog,airplane,,0.0,,0.0,,0.0,0,0.0,0,0.0
COCO_val2014_000000453138_OCCLUDED_BY_COCO_val2014_000000290836.png,bicycle,elephant,,0.0,,0.0,,0.0,0,0.0,0,0.0
COCO_val2014_000000336302_OCCLUDED_BY_COCO_val2014_000000325664.png,cat,bear,cake,0.953715384,,0.0,,0.0,0,0.0,0,0.0
COCO_val2014_000000000042_OCCLUDED_BY_COCO_val2014_000000116786.png,dog,toilet,,0.0,,0.0,,0.0,0,0.0,0,0.0
COCO_val2014_000000460927_OCCLUDED_BY_COCO_val2014_000000334140.png,bear,bicycle,,0.0,,0.0,,0.0,0,0.0,0,0.0
COCO_val2014_000000082327_OCCLUDED_BY_COCO_val2014_000000188667.png,clock,cat,,0.0,,0.0,,0.0,0,0.0,0,0.0
COCO_val2014_000000237597_OCCLUDED_BY_COCO_val2014_000000049667.png,elephant,clock,,0.0,,0.0,,0.0,0,0.0,0,0.0
COCO_val2014_000000213338_OCCLUDED_BY_COCO_val2014_000000025430.png,clock,bench,,0.0,,0.0,,0.0,0,0.0,0,0.0
COCO_val2014_000000307209_OCCLUDED_BY_COCO_val2014_000000532531.png,bear,pizza,,0.0,,0.0,,0.0,0,0.0,0,0.0
COCO_val2014_000000164363_OCCLUDED_BY_COCO_val2014_000000579593.png,clock,giraffe,,0.0,,0.0,,0.0,0,0.0,0,0.0
COCO_val2014_000000242287_OCCLUDED_BY_COCO_val2014_000000534601.png,bicycle,teddy bear,,0.0,,0.0,,0.0,0,0.0,0,0.0
COCO_val2014_000000434576_OCCLUDED_BY_COCO_val2014_000000436280.png,cat,airplane,,0.0,,0.0,,0.0,0,0.0,0,0.0
COCO_val2014_000000156466_OCCLUDED_BY_COCO_val2014_000000251936.png,bench,bear,sports ball,0.9816895723,tennis racket,0.0004623446148,umbrella,0.000349451293,0,0.0,0,0.0
COCO_val2014_000000221666_OCCLUDED_BY_COCO_val2014_000000346605.png,bench,refrigerator,,0.0,,0.0,,0.0,0,0.0,0,0.0
COCO_val2014_000000242287_OCCLUDED_BY_COCO_val2014_000000553094.png,bicycle,airplane,,0.0,,0.0,,0.0,0,0.0,0,0.0
COCO_val2014_000000221666_OCCLUDED_BY_COCO_val2014_000000399400.png,bench,airplane,,0.0,,0.0,,0.0,0,0.0,0,0.0
COCO_val2014_000000251936_OCCLUDED_BY_COCO_val2014_000000244218.png,bear,refrigerator,,0.0,,0.0,,0.0,0,0.0,0,0.0
COCO_val2014_000000188667_OCCLUDED_BY_COCO_val2014_000000180411.png,cat,airplane,,0.0,,0.0,,0.0,0,0.0,0,0.0
COCO_val2014_000000140010_OCCLUDED_BY_COCO_val2014_000000553094.png,cake,airplane,donut,0.9923345447,,0.0,,0.0,0,0.0,0,0.0
COCO_val2014_000000454693_OCCLUDED_BY_COCO_val2014_000000098633.png,giraffe,cake,dining table,0.9268898368,,0.0,,0.0,0,0.0,0,0.0
COCO_val2014_000000172627_OCCLUDED_BY_COCO_val2014_000000295270.png,cake,bench,,0.0,,0.0,,0.0,0,0.0,0,0.0
COCO_val2014_000000344368_OCCLUDED_BY_COCO_val2014_000000274591.png,cat,bear,,0.0,,0.0,,0.0,0,0.0,0,0.0
COCO_val2014_000000274591_OCCLUDED_BY_COCO_val2014_000000032952.png,bear,elephant,cow,0.991280973,,0.0,,0.0,0,0.0,0,0.0
COCO_val2014_000000327777_OCCLUDED_BY_COCO_val2014_000000434576.png,pizza,cat,,0.0,,0.0,,0.0,0,0.0,0,0.0
COCO_val2014_000000295076_OCCLUDED_BY_COCO_val2014_000000581655.png,airplane,pizza,,0.0,,0.0,,0.0,0,0.0,0,0.0
COCO_val2014_000000555023_OCCLUDED_BY_COCO_val2014_000000483564.png,giraffe,clock,,0.0,,0.0,,0.0,0,0.0,0,0.0
